USE kinopoisk;

INSERT INTO `language` VALUES 
('1','Russian'),
('2','English'),
('3','Italian'),
('4','Japanece'),
('5','Mandarin'),
('6','French'),
('7','German'),
('8','indian'),
('9','turkish'),
('10','arabic'),
('11','spanish'),
('12','chinese');

INSERT INTO `genres`(id, name)
VALUES 
('1','фантастика'),
('2','фентези'),
('3','детектив'),
('4','триллер'),
('5','комедия'),
('6','драма'),
('7','боевик'),
('8','детский'),
('9','вестерн'),
('10','мелодрама'),
('11','приключения'),
('12','ужасы'),
('13','мистика'),
('14','исторический');

INSERT INTO `category`(id, name)
VALUES 
('1','семейные комедии'),
('2','фильмы про космос'),
('3','фильмы про школу'),
('4','фильмы про вампиров'),
('5','фильмы про любовь'),
('6','фильмы про зомби'),
('7','фильмы про танцы'),
('8','лучшие фильмы для детей'),
('9','фильмы для подростков'),
('10','мультфильмы для самых маленьких'),
('11','студия Marvel'),
('12','студия DC');


INSERT INTO `films`(id, title, description, release_year, language_id, original_language_id, `length`, created_at) VALUES 
('1','Назад в будущее','Подросток Марти с помощью машины времени, сооружённой его другом-профессором доком Брауном, попадает из 80-х в далекие 50-е. Там он встречается со своими будущими родителями, ещё подростками, и другом-профессором, совсем молодым.','1985','1','2','90','2010-02-05 06:04:24'),
('2','Маска','Dolor fugit eligendi molestias facere et. Tempora magnam et animi et libero perspiciatis ut facere. Sed necessitatibus ipsum sed eos iure.','2009','1','2','90','2013-06-08 22:01:05'),
('3','Такси','Laudantium voluptas deserunt perferendis excepturi at esse. Corrupti temporibus est ut ipsum repellat numquam porro velit. Nisi possimus ipsa ullam ipsum et hic. Dignissimos eum molestiae quod alias quos aliquid. Officiis amet ab non nulla enim.','1983','1','5','90','2000-04-02 19:27:51'),
('4','Пьяный мастер','Facere quo maiores tempore modi nihil natus ipsum soluta. Ut consequuntur architecto qui. Cupiditate cupiditate non et a maxime. Quod itaque dolor minus deserunt doloremque ducimus mollitia.','1985','1','4','90','1977-07-07 10:04:00'),
('5','Звездные войны: Эпизод 6 - возвращения Джедая','Aut impedit qui accusamus quam. Ea temporibus velit sunt incidunt numquam. Voluptate debitis quisquam ratione voluptatem omnis voluptatem hic perferendis.','2019','1','2','120','2018-01-25 19:01:48'),
('6','Чужой','Ea distinctio similique repellendus exercitationem veritatis eaque corrupti. Ipsum non tempore quasi ex qui voluptates. Voluptas sunt dolore ipsum et inventore quia voluptas. Expedita in iure at ut recusandae error asperiores. Recusandae rem vero omnis.','2000','1','2','90','2012-01-07 23:03:23'),
('7','Люди в черном','Assumenda aliquam voluptatem repellendus repellendus totam. Esse recusandae ipsum excepturi qui dolorem fugit aliquam perspiciatis.','1976','1','2','90','1983-05-11 04:31:26'),
('8','Мстители: Война бесконечности','Rerum eius eum aut quod debitis vitae eos. Vel fugit quos neque corrupti. Occaecati ut magni a odio voluptatem fugit. Aliquam magni sint aut voluptas tempore soluta et.','1974','1','2','90','2007-05-29 07:47:11'),
('9','Стражи Галактики','Velit nesciunt officia quibusdam et est qui omnis. Alias consequatur sed consequatur occaecati. Rerum saepe maxime omnis similique eius alias. Culpa libero illo vero. Deleniti hic optio minima omnis.','1993','1','2','90','2004-03-09 15:17:23'),
('10','Брилиантовая рука','Nisi cumque occaecati aut ut itaque. Quos perspiciatis deleniti officiis dolores consequuntur aspernatur. Soluta accusamus possimus recusandae officiis enim cumque. Perferendis illum est tempora.','2000','1','1','90','1995-05-26 23:59:51'),
('11','Molestiae natus et sed reiciendis ipsum placeat.','Maiores repellendus quaerat quisquam consequatur accusantium. Et perspiciatis delectus fuga exercitationem molestiae omnis corporis. Est architecto animi sint voluptas natus.','2001','11','11','6','1993-12-11 01:02:16'),
('12','Quo quia fuga occaecati sunt ea eos.','Dolor ipsum dolor explicabo ipsa. Non a et qui laudantium. Ipsa quas ipsa rerum voluptas tempore. Rerum similique velit sunt et dolor molestias.','1988','12','12','7','1972-10-21 10:40:15'),
('13','Ipsa qui suscipit sequi harum nulla tempora.','Vel aperiam neque qui est quidem voluptatibus. Ratione tempora ad dignissimos nobis. Nemo nulla quam at eum sint suscipit. Dolore nihil aut aut deleniti sed ipsum impedit.','2019','1','1','4','1978-01-02 12:18:32'),
('14','Quidem error voluptas unde.','Alias numquam consequatur perferendis sapiente nostrum et. Placeat maxime voluptatem architecto rerum repudiandae expedita. Voluptatem provident in quis quasi est.','1981','2','2','6','1978-04-01 06:25:12'),
('15','Beatae quia sunt voluptatem vero nulla voluptatem repellendus.','Architecto aut nobis facilis enim veniam ullam nobis. Totam perferendis voluptas mollitia sunt nostrum cum quidem. Voluptatem magnam modi eaque.','1985','3','3','2','1997-12-27 16:19:56'),
('16','Repellendus nemo rerum facilis ipsum facere.','Adipisci esse facere laborum molestiae rerum sit odio. Temporibus molestias et laborum at ut voluptatum accusantium.','1981','4','4','1','1979-12-16 11:53:53'),
('17','Exercitationem est at voluptatem tenetur vitae impedit.','Praesentium dolor sed ut perferendis sit fugit. Assumenda sed et amet harum ut. Soluta illum et labore blanditiis molestias eveniet. Quis enim itaque eius minus quisquam velit fugiat rerum. Aliquid a minus animi maxime voluptas dolor.','2016','5','5','2','2006-12-09 22:44:00'),
('18','Illum nihil est et temporibus debitis.','Quos aliquid libero ea a velit. Sint fuga rerum alias ipsum unde eligendi expedita. Eius quis aut atque et ut corrupti sunt et.','2008','6','6','1','1970-06-13 14:04:03'),
('19','Porro consequatur reiciendis omnis commodi aut.','Est consequuntur officia soluta modi laudantium molestiae qui. Eveniet voluptas voluptatem libero quod. Alias molestiae perferendis rem mollitia consequatur facilis. Iure et ad est quos odit repellat. Deserunt et qui harum ducimus nihil pariatur reiciendis.','1977','7','7','8','1982-05-19 20:35:07'),
('20','Sint magni consequatur et incidunt aut sit.','Dolorem est numquam et. Dolorem aut itaque id rerum laborum voluptatem assumenda. Temporibus velit nihil laudantium id quis mollitia repudiandae.','1971','8','8','3','1985-12-16 13:12:08'),
('21','Iusto officia laborum autem ullam omnis.','Rerum dolores reiciendis ipsa nihil. Quis aut ducimus amet ab. Molestiae quam aliquid occaecati enim aut. Maiores officia enim quibusdam voluptate ex.','2003','9','9','5','2002-06-29 08:33:52'),
('22','Itaque odit ex pariatur.','Dignissimos sed harum sed eos eos voluptas reprehenderit. Quo beatae at dolorem praesentium et est commodi. Voluptatibus rerum culpa quia voluptates dolorem eaque voluptatem.','1997','10','10','5','1975-09-20 20:04:02'),
('23','Quia distinctio quae quasi nobis aut.','Quae repellendus molestiae molestias nesciunt consequuntur nobis. Qui id ut nam quia. Vitae dolor sequi voluptatem exercitationem consequuntur est necessitatibus. Velit sunt aperiam asperiores dolorem accusantium odio perspiciatis.','1991','11','11','6','1975-05-19 10:13:27'),
('24','Omnis sit molestiae labore omnis ut.','Est nesciunt temporibus placeat veniam. Necessitatibus cum maxime eaque rerum et rerum. Ut repudiandae molestiae reiciendis aspernatur ut enim quibusdam soluta.','2011','12','12','4','2015-07-04 17:34:03'),
('25','Natus aperiam non non et est ullam.','Dicta pariatur consequatur perspiciatis reiciendis. Inventore itaque aspernatur consectetur alias odio est iure. Eum eius consequatur distinctio voluptatibus quis voluptatibus veritatis accusamus. Error eligendi porro praesentium corporis consequatur rerum.','1980','1','1','2','1991-05-21 02:20:39'),
('26','Doloribus blanditiis magnam optio odio vitae.','Corrupti ut in qui voluptatem corrupti distinctio. Enim cum quia repellendus qui. Debitis aut possimus ut fuga.','1996','2','2','7','1982-05-05 11:08:48'),
('27','Nostrum libero cum expedita in nobis.','Dolorem qui earum est provident placeat alias ipsa. Et qui illum dignissimos eaque labore dolor.','1979','3','3','4','2014-06-03 14:01:53'),
('28','Et et deserunt nemo aut adipisci.','Eos molestias ut ut sit necessitatibus. Dolores nulla minima incidunt sapiente. Dolore dicta nam recusandae.','2010','4','4','2','1996-01-20 17:56:26'),
('29','Veritatis rerum facere quos doloremque quia beatae quo.','Tempore inventore qui atque modi. Dolor soluta aut architecto voluptas commodi et quis.','1991','5','5','1','1997-11-12 17:26:22'),
('30','Et et odio temporibus.','Aut minima fugiat consectetur doloribus. Qui veniam aut non officiis voluptate. Eveniet eius est exercitationem rerum qui. Voluptatem dolorem enim fugiat maiores accusamus qui.','2008','6','6','8','2012-11-28 07:41:30'),
('31','Est atque quia enim vero quia quidem.','Aperiam nihil minus aut iure. Quas laudantium dignissimos dolores repudiandae molestiae commodi cum. Omnis veniam eum iure blanditiis saepe odio.','1979','7','7','7','2012-04-25 18:35:58'),
('32','Odit veniam totam non placeat sit ratione.','Rerum ad aperiam at tempora non illum. Ab quam nemo possimus. Voluptatem enim officiis qui doloribus dignissimos.','1986','8','8','4','2006-11-05 02:10:00'),
('33','Autem nihil temporibus sapiente optio necessitatibus quasi.','Ut voluptate repellendus qui ea. Velit similique optio repudiandae atque voluptate. Quibusdam sequi aut quibusdam quisquam. Perferendis soluta aperiam ipsa et hic.','2003','9','9','2','1973-11-08 15:16:26'),
('34','Iure ut ad dolores.','Autem et minima maiores libero nihil odit quae. Assumenda sunt autem et. Ab accusantium voluptatem neque eos occaecati.','1994','10','10','5','2002-06-21 14:27:19'),
('35','Voluptatum eligendi sint veritatis sed et.','Itaque cumque et enim ex. Alias distinctio placeat facilis harum sit est. Quis molestiae non vel dolor.','1995','11','11','6','2007-02-09 11:04:23'),
('36','Explicabo molestiae eligendi et eius voluptatem.','Cum ratione omnis assumenda quod voluptatem qui tenetur. Quia quia officia accusantium enim alias. Nemo laboriosam maxime officia in. Modi fugiat esse aliquid non atque.','1988','12','12','9','1989-06-18 07:11:54'),
('37','Expedita porro blanditiis omnis repellat nulla.','Soluta sed consequatur laboriosam velit. Adipisci rem sit exercitationem harum voluptatibus in. Vitae ab in ex nostrum molestiae amet.','1971','1','1','8','1980-10-01 09:01:39'),
('38','Ex rerum sed eveniet incidunt dolor vitae.','Culpa ullam eligendi natus cumque quia repellat incidunt distinctio. Amet ut ut beatae temporibus nihil corporis magnam. Ut qui voluptatem aut itaque ut hic omnis. Dolores exercitationem libero laudantium dolorem sunt molestiae.','1992','2','2','1','1998-08-28 21:55:08'),
('39','Aliquam aut voluptatem facere sunt.','Porro harum amet a quia quod aspernatur earum et. Fugit quibusdam quidem nesciunt adipisci saepe pariatur excepturi. Eveniet nam et eius harum. Eos asperiores repudiandae eius et ab. Reprehenderit iure in et ducimus.','2000','3','3','8','1998-02-10 09:50:31'),
('40','Velit iusto temporibus molestias.','Labore eum animi est alias enim. Est nostrum ut rerum ipsam corporis non ad. Sint quia eaque iste facere omnis et cum. Est numquam ducimus at consequuntur porro praesentium in aliquid. Non ipsam ipsum atque.','1995','4','4','6','1981-01-25 19:19:35'),
('41','Beatae et maxime vitae.','Eum possimus fugiat deserunt vitae commodi quasi cumque. Quidem tempora sit ex corporis et molestias.','2020','5','5','3','2016-01-29 14:35:03'),
('42','Vel quisquam adipisci et quia.','Sed delectus quibusdam totam eius est ex et. Fugiat est veritatis est voluptatibus molestiae iste nulla. Dignissimos mollitia non rem libero et minima et omnis. Ab dignissimos dicta soluta quae laboriosam.','1975','6','6','6','1998-03-07 00:19:19'),
('43','Architecto nam repudiandae perspiciatis.','Fuga ut tempora ut aspernatur expedita facilis. Dolorum laboriosam qui provident sunt aut tempora. Illum sequi iure sunt eligendi sequi et itaque tempora. Voluptatem et veniam ad exercitationem voluptates occaecati qui ab.','2008','7','7','8','1996-05-25 03:26:49'),
('44','Tempora mollitia omnis dolores sapiente ad.','Velit ut enim dicta quibusdam dolorem voluptatem. Alias quos qui qui est. Iusto autem ipsam qui quaerat commodi. Eos fugiat quo voluptas illum similique.','2003','8','8','3','1985-06-29 07:04:20'),
('45','Temporibus veritatis nobis in atque.','Minima quas aut qui sed alias. Voluptate qui sit qui eum tempore vel ut. Aperiam laborum optio autem enim consectetur ad.','2014','9','9','7','2012-08-18 00:55:29'),
('46','Eaque eligendi rerum nobis pariatur.','Velit et et esse nostrum voluptatem. Dicta et doloribus amet mollitia. Consequuntur ad hic sequi recusandae. Voluptatem qui molestiae inventore quisquam quidem.','1989','10','10','1','2000-12-10 04:55:57'),
('47','Sed ratione placeat necessitatibus eligendi animi et consequuntur.','Atque ut ut minima et et occaecati ducimus. Aspernatur sunt minima voluptatibus ad maiores ut laudantium. Numquam est et est dolores corporis.','2013','11','11','9','2005-07-19 17:27:29'),
('48','Provident odio atque reprehenderit eius error corrupti.','Similique reprehenderit et tempora sit. Aut adipisci sunt dolor repellat qui. Eveniet odio tempore qui quia veritatis non praesentium. Et ut beatae dolore molestiae illum fuga sint quidem.','2014','12','12','3','2008-01-17 15:31:22'),
('49','Et ut eos culpa atque in cumque.','Blanditiis corrupti numquam delectus. Consequatur aut quia aperiam sit. Sunt facilis ut quis eos. Consequuntur qui sequi repellendus ratione recusandae perspiciatis voluptatem.','1984','1','1','9','2004-01-07 02:00:20'),
('50','Qui laborum in tenetur reprehenderit atque et ipsa.','Voluptatem sunt et et facilis dolorum. Eaque perferendis ut commodi.','2012','2','2','4','2013-01-19 19:11:32'),
('51','Nostrum sed nihil ut voluptatem reprehenderit.','Et debitis earum modi qui reiciendis. Ducimus beatae laborum quia impedit. Ut aliquid voluptas est dolores. Doloribus omnis expedita laboriosam ut delectus quisquam natus amet.','1970','3','3','3','1980-11-27 14:28:15'),
('52','Et deleniti commodi excepturi ipsam dolores.','Ab dolor rem aut eum rerum nam. Doloremque dolorem commodi eligendi quisquam. Adipisci qui sunt sit et.','2018','4','4','3','1985-11-05 01:39:34'),
('53','Aut omnis voluptatem porro aut est culpa cum.','Eveniet a et laudantium veniam tempora. Quae quidem cupiditate fuga molestias. Enim ut esse ut facilis. A cum omnis nam facere error qui repellendus quia.','1990','5','5','3','1995-03-26 06:29:26'),
('54','Et quo ducimus accusantium nemo et expedita accusamus.','Doloremque sunt asperiores dolorum cumque. Perspiciatis quam numquam iure quia dolores facilis. Et dolorem iure beatae molestiae vel eaque quam.','2007','6','6','2','2013-07-05 03:51:50'),
('55','Nisi sapiente aut deleniti rerum.','Alias at dolorem fugiat officiis vero. Et doloribus cum quia dolorum voluptas ut eaque. Aut aspernatur enim odit natus.','1999','7','7','7','1987-02-25 03:24:00'),
('56','Quia quos quia et possimus dolores accusantium.','Ut ipsam beatae aut necessitatibus laboriosam. Dicta corporis perferendis aut sint. Est blanditiis qui et numquam labore ipsa.','1974','8','8','3','1980-09-08 12:26:15'),
('57','Exercitationem sed quia totam iusto et minus.','Recusandae provident voluptatem et id et pariatur quia. Minima aut laborum dolores omnis optio provident.','1980','9','9','3','2020-07-15 14:52:33'),
('58','Omnis omnis aut cum.','Omnis deserunt nihil est nihil quis. Atque facere doloribus non at. Sequi voluptas ut praesentium.','1997','10','10','6','1990-05-11 00:51:58'),
('59','Pariatur et et soluta id.','Quis esse praesentium officiis. Rerum perferendis nihil doloremque aut. Et qui molestias quisquam dolore. Iusto iusto dolorum mollitia ullam et rem facere. Sint perferendis et dolor.','2002','11','11','8','1973-04-18 02:48:06'),
('60','Praesentium doloremque aut possimus.','Est dolores aspernatur omnis et. Mollitia tempore ad deserunt possimus.','1997','12','12','2','2006-09-07 18:00:14'),
('61','Sed aliquam et voluptas sit consequatur et ad.','Animi fugit incidunt sint est repellat eos repellendus. Doloremque aut culpa aut quas alias rerum molestias. Repellendus provident architecto pariatur tempore. Corrupti facere quos eum quam natus. Delectus ut explicabo magni labore et voluptatem sequi.','1983','1','1','6','1976-04-25 05:03:14'),
('62','Sed dolores vel ipsam qui repellendus sint.','Est odit aut velit nam qui cum. Suscipit quo earum laboriosam. Deleniti perspiciatis molestias molestiae quisquam excepturi. Ullam ut corporis molestias qui placeat temporibus assumenda.','1978','2','2','2','2016-01-17 00:47:07'),
('63','Provident quisquam nobis voluptatum.','Aut id perspiciatis vel modi ad officiis asperiores. Non sunt numquam officia et minima veritatis. Et aut similique assumenda dolorem odit.','1986','3','3','4','1990-03-07 08:03:42'),
('64','Voluptatibus eligendi harum quae quia vel occaecati ab.','Atque veniam quod sint ut quo dolores qui. Qui tenetur et iste ut. Recusandae sed animi voluptatem sed reiciendis. Neque omnis enim fuga tempora est sed.','1978','4','4','9','1985-04-06 03:43:22'),
('65','Totam ut laborum nulla quis.','Aut atque dolor et vel quia. Cumque quaerat aut perspiciatis qui consequatur consequuntur repellendus. Quis nostrum voluptas laboriosam vero nemo. Nobis neque quibusdam maiores ratione corporis et quis.','2008','5','5','6','1996-12-23 14:25:42'),
('66','Recusandae iusto cupiditate architecto sunt omnis fugiat.','Atque eos qui id hic nihil alias. Ut ut eum totam exercitationem consectetur iste. Et voluptatem reprehenderit blanditiis necessitatibus cupiditate. Asperiores repellat iste pariatur facilis est eveniet fugit nulla.','2001','6','6','7','1992-01-02 05:34:54'),
('67','Et minima eum dolore provident autem.','Omnis consequuntur illo eum aut. Sint illum ea sed molestiae. Tempora autem neque sint et.','2002','7','7','2','1992-03-21 18:30:14'),
('68','Consequatur quia voluptatem voluptatum facere numquam non aut libero.','Impedit error voluptate et eius facilis deserunt omnis. Saepe est cum dolores at dolorem.','2006','8','8','3','2002-08-01 03:44:15'),
('69','Eius rerum itaque reprehenderit ab in sunt fugit.','Et quo reiciendis occaecati debitis consequatur voluptatibus placeat. Autem et molestiae minus est. Ea mollitia dolores a maiores quia culpa debitis libero.','2013','9','9','9','2008-07-05 22:57:18'),
('70','Optio sit iste expedita qui.','Numquam cupiditate quos ad accusamus quidem est quis et. Eius sunt qui deserunt nesciunt harum. Nostrum accusantium a a consequatur sapiente. Voluptatum praesentium ut qui eum velit illum.','2013','10','10','1','2004-10-31 17:28:43'),
('71','Nisi quam odit reiciendis dolor tempore ut cum delectus.','Repellat quia est eligendi rerum. Quo aut saepe eius enim quasi architecto aut. Atque facere inventore vel nobis sint.','2009','11','11','8','1987-08-21 23:50:39'),
('72','Sunt iure eos id nobis.','Consectetur earum corrupti et repellat. Architecto tenetur beatae asperiores. Repellat hic enim laboriosam porro at quidem illum. Adipisci perspiciatis iste quia totam eaque.','2008','12','12','5','1977-09-01 06:52:20'),
('73','Odio qui aut sunt quis.','Quaerat cumque aut qui et enim suscipit et sapiente. Id qui et corporis consectetur ullam. Consequuntur sunt est odio dolorum qui expedita.','2008','1','1','6','2015-12-05 03:37:31'),
('74','Soluta et eos ea.','Quo eius non magnam eveniet aperiam nemo. Et numquam molestias omnis voluptas reprehenderit. Dignissimos nihil omnis dolor molestiae sunt illum. Non non consequatur nulla est.','1992','2','2','9','1986-02-18 23:46:49'),
('75','Eius odit ad harum perferendis et quis id.','Esse dolor a et id placeat autem deleniti. Alias qui quas consequuntur asperiores. Suscipit laboriosam ut atque omnis enim minus.','2019','3','3','8','1990-01-22 12:39:15'),
('76','Velit recusandae quisquam asperiores et.','Incidunt natus sequi quis et praesentium ullam. Minima recusandae aliquam dolorem natus neque a debitis. Harum asperiores dolorum omnis quos ex in.','2001','4','4','6','1995-05-22 09:51:07'),
('77','Autem modi tempore non beatae maiores.','Quas sit illum velit magni corrupti eius qui. Recusandae quis quidem odio. Et qui id iure nesciunt enim possimus quas.','1985','5','5','1','1992-11-11 15:28:30'),
('78','Perferendis doloribus architecto sunt esse asperiores velit consectetur dignissimos.','Error voluptas cupiditate consequatur rerum. Magni aspernatur omnis et. Et inventore omnis aperiam aut ad.','2013','6','6','2','1972-05-25 20:20:38'),
('79','Placeat officiis est sed eius aspernatur suscipit aut.','Totam molestias eligendi placeat atque. Numquam repudiandae nobis reprehenderit fugit nesciunt odit praesentium. Animi consequuntur deleniti ratione esse repudiandae.','1993','7','7','6','2018-06-20 02:16:38'),
('80','Nobis nisi eligendi ex in at.','Aperiam dolores quia ipsum sit harum sint. At alias et animi quis sed. Assumenda non vitae non qui asperiores esse.','2012','8','8','9','1987-04-21 14:25:26'),
('81','Ullam minus est sed commodi accusamus sit.','Cum molestiae eveniet beatae. Dolor qui optio non explicabo. Libero laboriosam nulla ut exercitationem officiis vitae animi.','1981','9','9','3','1981-11-27 14:17:48'),
('82','Quo tempora porro iste molestiae ea.','Vero explicabo minus at consequatur qui qui sed voluptas. Eos eum repudiandae voluptatem recusandae dolores veritatis. Facere cum expedita sint cupiditate molestias mollitia nostrum doloremque. Velit consectetur magnam nobis dolorem hic mollitia enim.','2008','10','10','5','2003-02-24 03:50:57'),
('83','Voluptatum inventore omnis eum necessitatibus asperiores nihil ab.','Maiores qui veritatis voluptatem delectus alias eveniet et. In maiores itaque dolore aut.','1978','11','11','1','1987-11-13 09:57:55'),
('84','Molestias repellendus ullam totam iusto omnis veniam.','Laboriosam sint tempora ut sequi explicabo quo odit et. Eius voluptatum repudiandae laborum. Quasi adipisci neque voluptatibus praesentium ipsa odit.','2001','12','12','8','2004-01-01 07:31:50'),
('85','Sunt corrupti minima quisquam et odit.','Culpa quia pariatur excepturi laboriosam dolor harum. Amet fuga harum est at perspiciatis ut non. Incidunt accusantium sequi et dolore. Maiores eos nihil necessitatibus ut. Eum neque natus et saepe alias consequatur.','1971','1','1','9','1981-01-04 04:55:20'),
('86','Et veritatis vel incidunt.','Dolores est repellat voluptas ad. Natus asperiores perferendis natus aut quibusdam quia enim. Rem molestiae dolores est dicta repellat dolor sint aut. Illum exercitationem est et perspiciatis eaque sit.','1980','2','2','5','1999-06-21 22:00:35'),
('87','Et aut voluptatem voluptas id.','Provident ipsum vero est molestias quia tempore voluptate. Fugiat dolorem mollitia et vel. Non quo eaque ducimus expedita facilis aut voluptatem.','2008','3','3','8','2020-04-15 19:34:55'),
('88','In nisi dignissimos corporis porro distinctio dignissimos.','Illum dolore optio sint culpa. Sint voluptas harum quia quam consequuntur animi. Ea aut excepturi fugiat. Aut id suscipit occaecati commodi voluptatibus odit et.','1975','4','4','1','1978-12-22 12:04:25'),
('89','Ipsum ex inventore impedit voluptate.','Quia soluta culpa et quasi veritatis quia quia. Quidem dicta delectus tenetur magni quae. Nisi vero in consequatur dolorum est voluptatem. Natus ea rem est odio.','1990','5','5','9','1980-06-23 20:44:26'),
('90','Minima doloremque et temporibus maiores.','Consectetur possimus officiis eligendi aperiam aut eligendi ut vel. Eum rerum tempore autem et voluptatem omnis corporis. Ab ut doloribus rerum nesciunt pariatur quia.','1982','6','6','8','1971-09-13 21:56:01'),
('91','Earum tempora vel accusantium aspernatur recusandae rem blanditiis.','Sint et eius voluptate consequatur minima quibusdam quo sint. Sit iusto nostrum quo incidunt qui voluptas. Aspernatur ut delectus exercitationem sint dolore consequatur molestiae.','1990','7','7','5','1972-03-12 08:27:45'),
('92','Atque quia illo iure qui tenetur ducimus.','Nulla illum et distinctio quisquam. Repudiandae facere consequuntur quod. Quibusdam necessitatibus quam iste omnis officia consequatur est. Consequatur voluptas dicta ratione corporis magni temporibus aut.','2002','8','8','3','1995-05-22 19:31:00'),
('93','Assumenda sunt tempora autem animi fugit.','Quis fugiat corrupti nostrum. Ipsa a quos eius iusto et et quia. Fugiat occaecati placeat omnis rem corporis perferendis aut.','2006','9','9','8','1974-03-16 11:46:09'),
('94','Maiores amet perferendis est quibusdam eius.','Debitis dolor eligendi tenetur officia ab eos. Hic ex laboriosam ut modi. Non debitis repellat magnam ullam.','2009','10','10','5','1980-09-04 06:19:18'),
('95','Ut et maxime reprehenderit omnis.','Natus et qui aut voluptatem odit. Eaque voluptates nulla temporibus corporis. Et voluptatem eligendi aut fuga in minima eum.','2011','11','11','8','2003-05-22 12:30:01'),
('96','Magni aperiam et sapiente modi et.','Veniam et natus possimus est ab nobis. In omnis fuga voluptatem adipisci et blanditiis vel. A quae nobis rerum aliquid aliquam sequi dolorum. Et quos numquam maiores et cumque veniam autem repudiandae.','1972','12','12','9','2003-01-30 04:49:13'),
('97','Laborum sit sit iste consequatur similique saepe.','Voluptas accusamus minima unde quibusdam qui cum itaque. Eius totam aperiam non. Et quibusdam alias occaecati. Et asperiores soluta ab quia id accusantium.','2018','1','1','7','2015-03-17 01:18:29'),
('98','Sint sunt et blanditiis omnis cum voluptatem sequi non.','Placeat repudiandae illum occaecati molestias amet voluptatum dolores. Voluptates fugit qui quis dolor. Harum qui veritatis sunt labore a sed.','1999','2','2','6','2017-05-30 07:38:03'),
('99','Ex sint ipsum voluptatem doloribus pariatur et neque ducimus.','Autem quisquam minima facere ad perferendis repellat voluptas accusamus. Eaque beatae esse eos voluptatem dicta velit quo. Eius velit adipisci et consequatur nostrum ad consequuntur.','1993','3','3','6','1984-11-12 00:07:46'),
('100','Eligendi unde adipisci recusandae ea qui.','Sint id nemo ut et saepe quisquam. Doloribus non dolores corrupti. Iusto in iste quasi repellat. Accusamus voluptatem ratione quia rerum ut.','2001','4','4','1','1994-10-26 19:39:58'); 



INSERT INTO `film_category`(film_id, category_id) VALUES 
('1','1'),
('2','1'),
('3','1'),
('4','1'),
('5','2'),
('6','2'),
('7','2'),
('8','11'),
('9','11'),
('10','10');

INSERT INTO `film_genres`(film_id, genre_id) VALUES 
('1','1'),
('1','5'),
('2','5'),
('3','7'),
('3','5'),
('4','7'),
('4','5'),
('5','1'),
('5','7'),
('6','12'),
('7','1'),
('7','5'),
('7','7'),
('8','1'),
('8','11'),
('9','1'),
('9','5'),
('10','5');

INSERT INTO `photos` VALUES 
('1','mikl_j_foks','1996-02-06 13:03:42'),
('2','robert_zemekis','2016-10-16 03:44:08'),
('3','quae','2016-05-20 15:51:46'),
('4','eaque','1984-07-11 06:10:34'),
('5','illum','1973-06-24 06:34:54'),
('6','aut','2012-02-27 05:27:10'),
('7','rerum','1995-04-05 19:03:42'),
('8','soluta','2013-12-02 05:16:58'),
('9','corporis','2016-07-07 10:19:48'),
('10','quo','2005-07-18 07:40:41'),
('11','rerum','1986-10-25 04:57:42'),
('12','qui','2000-03-13 15:01:32'),
('13','est','1973-07-25 19:53:41'),
('14','molestiae','2012-05-12 17:50:32'),
('15','excepturi','1995-05-27 13:07:58'),
('16','minima','1977-09-02 19:44:50'),
('17','labore','1987-10-23 22:55:00'),
('18','nobis','2000-08-18 16:51:21'),
('19','est','2018-06-02 03:15:58'),
('20','id','1998-09-01 23:37:21'),
('21','suscipit','1987-10-09 04:11:23'),
('22','commodi','1997-09-25 02:14:18'),
('23','ad','2019-07-30 00:55:54'),
('24','iusto','1996-09-22 07:31:51'),
('25','ea','2001-03-14 07:31:59'),
('26','omnis','1989-01-11 00:56:56'),
('27','est','2010-03-10 04:40:15'),
('28','quos','1993-06-26 17:12:53'),
('29','vero','1988-01-22 04:35:14'),
('30','molestiae','1974-09-11 22:53:04'),
('31','ut','1970-07-12 20:17:02'),
('32','aspernatur','2010-11-18 00:44:28'),
('33','dolorem','2008-01-07 03:47:13'),
('34','numquam','2004-08-11 09:23:41'),
('35','quis','1973-03-22 20:17:14'),
('36','aliquid','2015-10-11 15:13:43'),
('37','vel','2005-11-02 05:07:51'),
('38','aliquid','1982-09-14 09:56:41'),
('39','nisi','1987-09-02 00:39:48'),
('40','odio','1978-10-05 06:28:36'),
('41','occaecati','1998-11-13 15:09:28'),
('42','amet','1999-03-31 05:27:44'),
('43','pariatur','1975-07-10 23:30:27'),
('44','provident','1984-04-21 16:55:59'),
('45','dolorem','2007-09-19 16:07:40'),
('46','voluptas','1976-03-24 18:16:49'),
('47','libero','2007-07-22 20:53:45'),
('48','quia','1974-07-03 15:18:05'),
('49','quidem','2012-04-12 20:01:34'),
('50','eligendi','2015-08-22 01:45:10'),
('51','sapiente','1971-06-28 10:43:13'),
('52','occaecati','1994-09-09 08:51:00'),
('53','sed','1984-01-11 23:22:28'),
('54','voluptate','1997-09-04 04:34:07'),
('55','quidem','2016-04-11 06:56:32'),
('56','harum','2007-02-15 14:15:03'),
('57','est','1979-07-28 11:13:55'),
('58','deleniti','2014-08-01 18:35:00'),
('59','rem','1993-02-16 16:13:19'),
('60','molestiae','1997-06-05 07:30:01'),
('61','itaque','2014-01-17 12:45:00'),
('62','laudantium','2008-03-20 20:26:09'),
('63','repellendus','2017-05-16 23:05:01'),
('64','quia','2008-10-21 19:48:16'),
('65','quam','2006-02-24 20:42:36'),
('66','et','2006-10-19 15:07:40'),
('67','magnam','1970-06-19 20:43:03'),
('68','odio','2016-02-12 16:08:00'),
('69','aliquid','2014-01-26 02:13:13'),
('70','sit','1995-08-14 00:53:55'),
('71','aut','2008-01-21 06:33:41'),
('72','quod','2009-10-14 07:26:20'),
('73','ab','2006-08-30 06:36:41'),
('74','ipsa','2018-06-27 08:47:32'),
('75','doloribus','1991-06-10 06:14:01'),
('76','sit','1986-11-18 07:16:36'),
('77','ex','1988-10-07 13:49:51'),
('78','molestias','2014-09-12 16:26:06'),
('79','molestias','2009-07-06 20:04:46'),
('80','recusandae','1973-04-01 01:48:06'),
('81','veniam','1978-01-28 04:43:05'),
('82','quas','1996-08-24 03:46:47'),
('83','voluptas','2000-09-09 06:47:59'),
('84','itaque','1997-01-17 17:04:41'),
('85','ea','2013-01-13 13:38:59'),
('86','tempora','1985-10-03 13:48:25'),
('87','voluptatem','2018-09-08 15:02:49'),
('88','rerum','2011-09-23 19:45:17'),
('89','iste','1995-11-09 04:30:03'),
('90','numquam','1974-06-21 07:18:34'),
('91','officia','2000-07-08 02:19:27'),
('92','reiciendis','2006-07-16 08:32:02'),
('93','ut','2009-03-05 05:32:41'),
('94','aut','2007-10-28 16:31:11'),
('95','dicta','1990-12-15 04:05:14'),
('96','dicta','1988-02-19 18:41:03'),
('97','ratione','1989-04-17 00:12:21'),
('98','debitis','1973-08-22 05:15:50'),
('99','omnis','1979-08-08 11:29:48'),
('100','sint','2005-03-22 12:52:39');


INSERT INTO hometowns(id, hometown) VALUES 
('1','North Emiliabury'),
('2','North Eldridge'),
('3','New Joaniestad'),
('4','East Caitlyn'),
('5','Mrazton'),
('6','South Jaylan'),
('7','South Caesar'),
('8','Port Una'),
('9','Alexandrochester'),
('10','Welchside'),
('11','Kailynberg'),
('12','Millerview'),
('13','East Nola'),
('14','Pollichborough'),
('15','Kerlukehaven'),
('16','Hettingerton'),
('17','West Myaview'),
('18','Lake Xavier'),
('19','East Dejuan'),
('20','Monahantown'),
('21','Lake Kara'),
('22','Lake Pascale'),
('23','Pedrofurt'),
('24','Filomenahaven'),
('25','East Dakotaberg'); 

INSERT INTO persons(id, photo_id, firstname, lastname, gender, birthday, hometown_id, created_at) VALUES 
('1','1','Майкл','Джей Фокс','M','1961-06-09','1', '2020-08-08 10:00:00'),
('2','2','Роберт','Земекис','M','1951-05-14','2', '2020-08-08 10:00:00'),
('3','3','Кэтлин','Кеннеди','F','1953-06-05','3', '2020-08-08 10:00:00'),
('4','4','Боб','Гейл','M','1960-01-06','4', '2020-08-08 10:00:00'),
('5','5','Дин','Канди','M','1960-12-28','5', '2020-08-08 10:00:00'),
('6','6','Delores','Mitchell','F','1987-11-10','6','1987-12-15 11:24:21'),
('7','7','Caleb','Bosco','M','1990-12-30','7','2005-03-23 09:25:07'),
('8','8','Darrell','Kunde','M','1979-07-04','8','1993-08-09 12:41:01'),
('9','9','Alvah','Murazik','M','1980-06-10','9','2014-10-14 10:17:18'),
('10','10','Ronaldo','Kuhn','M','2010-05-19','10','2002-10-09 08:43:17'),
('11','11','Rachel','Howell','F','1986-12-02','11','1975-10-12 07:59:26'),
('12','12','Tyler','Batz','F','1985-04-06','12','2010-10-25 14:21:50'),
('13','13','Eduardo','Kuphal','M','2014-03-25','13','2010-09-09 17:59:14'),
('14','14','Manuel','Gorczany','M','1995-11-03','14','1993-05-02 03:34:33'),
('15','15','Hilma','Quitzon','F','1980-01-10','15','2016-01-23 19:56:01'),
('16','16','Bret','Herman','M','2001-01-25','16','1996-09-16 17:00:41'),
('17','17','Dominique','Howell','M','1972-06-01','17','1995-03-17 14:29:21'),
('18','18','Mafalda','West','F','1979-03-17','18','2016-05-16 23:59:02'),
('19','19','Schuyler','Grant','F','2008-02-19','19','1995-12-02 10:44:58'),
('20','20','Clovis','Hodkiewicz','M','1974-02-26','20','1974-05-05 14:40:42'),
('21','21','Santiago','McClure','M','2017-02-22','21','1980-10-26 06:36:42'),
('22','22','Madonna','Hilpert','F','1973-06-05','22','2002-09-21 18:12:01'),
('23','23','Ottis','Feil','M','2004-01-20','23','1997-12-20 10:12:42'),
('24','24','Emie','Padberg','F','2016-11-10','24','1982-09-10 05:36:32'),
('25','25','Enoch','Bernhard','M','1976-08-19','25','2005-03-28 04:12:13'),
('26','26','Crystal','Rowe','F','1982-05-12','1','1992-09-20 06:21:25'),
('27','27','Jamal','Schoen','M','2009-07-06','2','1986-08-17 04:21:09'),
('28','28','Adolph','Eichmann','M','1986-05-14','3','1971-09-20 12:15:33'),
('29','29','Andreane','Grady','F','2002-11-29','4','1984-09-26 08:18:19'),
('30','30','Roberto','Harris','M','1987-01-30','5','1982-12-04 22:44:00'),
('31','31','Marquis','Krajcik','M','1972-10-21','6','1984-09-05 07:45:20'),
('32','32','Cletus','Hoppe','F','2019-06-16','7','1992-04-29 11:11:39'),
('33','33','Justina','O\'Hara','F','2005-06-22','8','2006-10-11 19:04:21'),
('34','34','Kasandra','Waelchi','F','1995-06-25','9','1998-10-24 19:35:40'),
('35','35','Roberto','Ortiz','M','1979-04-02','10','1981-04-18 20:04:55'),
('36','36','Gardner','Jast','M','1984-10-12','11','1983-07-18 10:52:47'),
('37','37','Raegan','Ledner','M','2001-09-16','12','2020-06-08 01:44:15'),
('38','38','Dayna','Predovic','F','2012-04-16','13','2019-07-09 22:24:57'),
('39','39','Berry','Luettgen','F','1980-08-30','14','1981-03-18 00:28:08'),
('40','40','Miles','Rosenbaum','M','1996-02-22','15','1991-02-28 10:43:12'),
('41','41','Carolanne','Weimann','F','1981-09-01','16','1976-07-16 08:15:23'),
('42','42','Enoch','Lehner','M','2015-10-31','17','2017-05-17 02:17:45'),
('43','43','Reyes','Feil','F','2015-04-13','18','1994-08-06 20:49:13'),
('44','44','Giovanna','Kutch','F','1994-08-03','19','1998-05-06 01:13:54'),
('45','45','Bryon','Kub','M','1989-06-27','20','2001-07-21 19:37:06'),
('46','46','Hazel','Schmitt','F','2014-05-17','21','2015-12-24 05:48:50'),
('47','47','Hipolito','Walter','M','1990-08-01','22','2019-09-22 11:06:52'),
('48','48','Furman','Adams','M','1998-01-14','23','1987-06-30 21:05:03'),
('49','49','Cordell','Carroll','F','2002-08-22','24','1976-09-09 12:03:10'),
('50','50','Anahi','Swift','F','1996-01-12','25','1977-09-22 18:34:58'),
('51','51','Chloe','Schultz','F','1990-01-14','1','1979-06-08 05:40:13'),
('52','52','Hayden','Schmitt','M','2016-06-29','2','1997-07-03 15:41:01'),
('53','53','Albin','Batz','F','2018-10-09','3','2018-01-29 14:36:48'),
('54','54','Gerald','Corwin','M','2002-01-13','4','2008-10-10 17:18:30'),
('55','55','Whitney','Howell','F','2019-02-16','5','2011-08-15 00:23:39'),
('56','56','Howard','Fritsch','M','1998-01-06','6','1976-09-29 00:02:15'),
('57','57','Jorge','Simonis','M','2006-09-12','7','2011-07-15 20:07:50'),
('58','58','Baron','Hegmann','M','1979-03-19','8','1987-04-04 10:44:42'),
('59','59','Barton','Dietrich','M','1981-10-24','9','1980-03-30 07:05:15'),
('60','60','Nikita','Carter','F','2002-01-08','10','2016-06-15 08:08:09'),
('61','61','Elisha','Johnston','F','1991-07-27','11','1991-06-29 14:38:39'),
('62','62','Malika','Cronin','F','1977-04-04','12','1991-05-20 21:18:20'),
('63','63','Arely','Barton','F','1982-07-15','13','1986-08-26 08:05:33'),
('64','64','Meggie','Toy','F','1996-04-04','14','2020-02-24 04:47:51'),
('65','65','Alivia','Satterfield','F','1975-06-08','15','1984-01-10 22:49:38'),
('66','66','Frederique','Ullrich','M','1987-07-03','16','2008-09-03 12:42:01'),
('67','67','Monte','Kessler','F','1983-06-13','17','2014-09-05 01:35:29'),
('68','68','Camilla','Satterfield','F','2015-12-19','18','2000-01-08 01:41:09'),
('69','69','Adrien','Abbott','M','2001-05-15','19','2005-07-03 10:32:56'),
('70','70','Harley','Kris','M','1976-09-28','20','1971-02-23 22:19:46'),
('71','71','Flavio','Kilback','M','1988-03-14','21','1979-09-15 17:56:21'),
('72','72','Curtis','Lemke','M','1973-02-16','22','1971-04-15 17:45:30'),
('73','73','Clotilde','Koss','F','1983-01-18','23','2010-10-04 04:00:59'),
('74','74','Oceane','Vandervort','F','2009-02-16','24','1986-11-01 07:00:34'),
('75','75','Alan','Pacocha','M','2000-02-04','25','2000-12-30 15:08:36'),
('76','76','Robb','Spinka','M','1985-05-18','1','1999-03-15 09:10:57'),
('77','77','Teagan','Gleason','F','1999-03-04','2','1989-04-13 10:51:33'),
('78','78','Freeda','Rosenbaum','F','2000-01-30','3','1979-07-03 18:10:12'),
('79','79','Marilyne','Considine','F','2012-12-11','4','2007-05-10 06:30:46'),
('80','80','Reynold','Jaskolski','M','2014-03-15','5','1983-10-05 06:08:36'),
('81','81','Vanessa','Ward','F','1990-06-18','6','1970-06-30 11:56:09'),
('82','82','Ruby','Bergnaum','F','2010-04-02','7','2014-05-25 19:01:44'),
('83','83','Leonie','Gibson','F','1978-12-18','8','2008-03-20 08:52:07'),
('84','84','Sylvia','Howe','F','2002-02-07','9','2008-12-05 06:20:34'),
('85','85','Griffin','Mraz','M','2012-12-24','10','2000-10-23 13:09:59'),
('86','86','Breanna','Hyatt','F','2004-07-20','11','1996-02-25 20:07:39'),
('87','87','Electa','Kassulke','F','2013-08-13','12','1980-06-06 05:23:59'),
('88','88','Mortimer','Hessel','M','1982-04-28','13','1985-12-26 17:28:07'),
('89','89','Jermey','Crooks','M','2004-03-06','14','2017-01-05 20:01:18'),
('90','90','Nat','Doyle','M','2008-04-16','15','2017-09-20 06:37:25'),
('91','91','Oral','Oberbrunner','F','2006-11-25','16','1980-08-24 02:57:38'),
('92','92','Lenna','Lynch','F','2001-04-18','17','1998-01-04 18:46:26'),
('93','93','Jay','Mosciski','M','1988-09-06','18','1981-10-06 05:26:40'),
('94','94','Ryder','Yundt','M','2002-12-03','19','1980-12-17 21:36:06'),
('95','95','Kevin','Gerhold','M','1999-09-27','20','2003-01-04 22:25:13'),
('96','96','Sam','DuBuque','M','1984-05-14','21','1994-07-22 12:48:15'),
('97','97','Ward','Dooley','M','2017-11-07','22','2006-08-31 10:34:36'),
('98','98','Javonte','Pouros','F','1975-01-18','23','1981-08-16 15:13:50'),
('99','99','Allen','Kiehn','M','1981-11-04','24','1999-08-12 16:44:00'),
('100','100','Dawn','Jacobi','M','2006-09-19','25','1994-01-19 05:09:17'); 







INSERT INTO films_persons(film_id, person_id, actor, director_film, producer, cameraman) VALUES 
('1','1',1,0,0,0),
('1','99',1,0,0,0),
('1','100',1,0,0,0),
('1','2',0,1,0,0),
('1','3',0,0,1,0),
('1','4',0,1,0,0),
('1','4',0,1,1,0),
('2','6',0,1,0,1),
('2','7',0,1,0,0),
('2','8',0,0,1,0),
('2','8',0,1,0,0),
('2','9',0,1,0,0),
('3','10',1,0,0,1),
('3','11',0,1,0,0),
('3','12',0,0,1,0),
('3','13',0,1,0,0),
('3','14',0,1,0,0),
('4','4',1,1,1,0),
('5','5',0,1,0,0),
('6','6',1,0,0,0),
('7','7',1,0,0,0),
('8','8',0,1,0,0),
('9','9',0,0,0,1),
('10','10',0,1,0,0),
('11','11',1,0,0,0),
('12','12',0,0,1,0),
('13','13',0,0,1,0),
('14','14',0,1,0,0),
('15','15',1,0,0,0),
('16','16',0,0,1,0),
('17','17',1,0,0,0),
('18','18',0,1,0,1),
('19','19',0,1,0,0),
('20','20',1,0,0,0),
('21','21',0,1,0,1),
('22','22',1,0,0,0),
('23','23',0,0,1,0),
('24','24',1,0,0,0),
('25','25',0,1,0,1),
('26','26',0,1,0,1),
('27','27',0,1,0,1),
('28','28',1,0,0,0),
('29','29',0,0,1,0),
('30','30',1,0,0,0),
('31','31',0,1,0,1),
('32','32',0,1,0,0),
('33','33',0,1,0,1),
('34','34',0,0,1,0),
('35','35',0,1,0,0),
('36','36',0,1,0,1),
('37','37',0,1,0,1),
('38','38',0,1,0,0),
('39','39',1,0,0,0),
('40','40',0,0,0,1),
('41','41',1,0,0,0),
('42','42',0,1,0,1),
('43','43',1,0,0,0),
('44','44',0,1,0,1),
('45','45',1,0,0,0),
('46','46',0,1,0,1),
('47','47',0,0,1,0),
('48','48',1,0,0,0),
('49','49',0,1,0,1),
('50','50',0,1,0,0),
('51','51',0,1,0,1),
('52','52',0,1,0,0),
('53','53',1,0,0,0),
('54','54',0,1,0,0),
('55','55',0,0,1,0),
('56','56',1,0,0,0),
('57','57',0,1,0,1),
('58','58',1,0,0,0),
('59','59',0,1,0,1),
('60','60',1,0,0,0),
('61','61',0,1,0,0),
('62','62',0,1,0,1),
('63','63',0,0,1,0),
('64','64',0,1,0,0),
('65','65',1,0,0,0),
('66','66',0,1,0,0),
('67','67',0,1,0,1),
('68','68',1,0,0,0),
('69','69',0,1,0,1),
('70','70',0,1,0,0),
('71','71',0,1,0,1),
('72','72',1,0,0,0),
('73','73',0,0,1,0),
('74','74',0,1,0,0),
('75','75',0,1,0,1),
('76','76',1,0,0,0),
('77','77',0,1,0,1),
('78','78',1,0,0,0),
('79','79',0,0,1,0),
('80','80',0,1,0,1),
('81','81',1,0,0,0),
('82','82',0,1,0,1),
('83','83',0,1,0,1),
('84','84',1,0,0,0),
('85','85',0,1,0,1),
('86','86',1,0,0,0),
('87','87',1,0,0,0),
('88','88',0,1,0,0),
('89','89',0,0,1,0),
('90','90',1,0,0,0),
('91','91',0,1,0,1),
('92','92',1,0,0,0),
('93','93',0,1,0,0),
('94','94',0,1,0,1),
('95','95',0,1,0,1),
('96','96',1,0,0,0),
('97','97',0,0,1,0),
('98','98',0,1,0,0),
('99','99',1,0,0,0),
('100','100',0,1,0,0);


INSERT INTO users(id, firstname, lastname, email, password_hash, phone, gender, birthday, created_at, hometown_id) VALUES 
('1','Brennan','Hintz','nmraz@example.org','55d962409bd364dfde3295b368aa8fd59b351c68','89028960518','m','1970-02-13','1996-06-06 13:16:00','1'),
('2','Madeline','Schoen','vonrueden.webster@example.org','3317086727acf98af412fb5ff251705e83ba8410','89366944121','m','1994-10-28','1973-08-01 15:00:07','2'),
('3','Libby','Ullrich','krajcik.fredy@example.org','0b6856a8d6203cc1c7553eff17a06cd3210f3a25','89605709522','m','1978-10-12','1980-05-30 07:04:25','3'),
('4','Bria','Vandervort','nakia.paucek@example.com','631f173f4eab4d57f554315c79d256285f1def48','89559229230','f','2016-10-18','2000-01-07 00:00:10','4'),
('5','Freeda','Kuhlman','mariana67@example.net','aaf652a66c3797022e984aaf0b068b0c45292753','89167483165','f','1982-06-24','1997-01-27 21:07:17','5'),
('6','Austen','Tremblay','bayer.zita@example.net','cadfa40ba95b1ada758825a6bf04628a8f0b675f','89251005840','m','1982-08-25','2011-04-15 16:24:24','6'),
('7','Amara','Goyette','daren.kunde@example.org','f45f4fc2365bd4cd87294704b08f26ee6af24420','89647243608','m','2014-01-24','2009-05-26 00:26:25','7'),
('8','Blaze','Mraz','kkohler@example.org','a1000820ebe5d0cd35622dec35d9611c0c40d7f4','89540782275','m','2002-04-02','1989-11-05 03:39:46','8'),
('9','Kaylin','Kling','lucie30@example.net','236cd02ff719b66cbdbfc673db00344332523cb7','89936815917','f','1987-06-29','1989-05-08 02:27:43','9'),
('10','Willis','Kassulke','yasmine.reichert@example.org','009e879545d691fc5a4266cbbdbbfab15dec950d','89984762214','m','1988-01-27','2001-07-14 12:05:47','10'),
('11','Helena','Auer','haylee.turner@example.com','a06fad517bc57949fe441846bb01e9d52fa411b1','89528680899','f','2013-10-27','2005-05-27 21:53:27','11'),
('12','Eleanora','Collins','armstrong.merl@example.com','8dae4297532553b5b7b26dd895b57c3482f262be','89105370737','m','1970-03-31','2012-04-06 09:18:34','12'),
('13','Stefanie','Turner','ybernhard@example.com','32b929f2ab038b0d1fedf98d1b5165fb2b91e47a','89698403479','f','1985-08-01','1998-01-29 20:09:20','13'),
('14','Cole','Barrows','flossie.king@example.net','d74838dfc71318f07f4a84e8040bc723424dc854','89516355508','m','2016-06-11','2010-12-05 15:00:08','14'),
('15','Andreane','Goldner','pschamberger@example.org','b4e17162a751e0e43c35b6ffbe1b7e42b9b40cba','89386365093','f','2010-05-27','2000-09-30 15:14:40','15'),
('16','Carmela','Murazik','clair.sawayn@example.net','a40bff16fab371f92af57c4463078d6caab7ad25','89764857553','m','1984-11-27','1987-07-06 02:59:04','16'),
('17','Rosemary','Raynor','dexter.dubuque@example.net','fc41a9b3296ef78ea4643c9cbf5ab3251f5f9fea','89463930513','f','1973-10-27','2002-09-24 22:51:40','17'),
('18','Elias','Oberbrunner','marianne64@example.com','17d993a5c373150555db51ca923778804e2ceaeb','89300455175','m','1995-08-10','1988-03-27 17:41:20','18'),
('19','Muhammad','Morissette','erdman.jacinto@example.org','cf5122f54a949ae4ec36264921b41e05f53b49bc','89113705166','m','1988-03-21','1991-06-01 00:05:59','19'),
('20','Kari','Lynch','qhettinger@example.org','3a71f29d87b0ef0914336f41a30739930e46aca6','89237232706','f','2002-06-09','2009-03-24 03:39:54','20'),
('21','Braeden','Eichmann','jaida.kautzer@example.org','d7bb561b1c416307d5457e76e9c942bfe2b2f855','89879306083','f','1974-07-08','1982-06-29 10:50:38','21'),
('22','Kaitlin','Dooley','ecorwin@example.com','aafc275fc278adb45f96c8391f6d9eaaf31731c5','89448573836','m','2017-06-18','1984-09-24 15:52:53','22'),
('23','Verlie','Bogan','rachelle30@example.org','6337b00bd8ecb5c02535b2de55dbf140a3f3aa84','89069668113','f','2007-08-02','1987-09-27 02:00:41','23'),
('24','Tyson','Strosin','ilegros@example.org','9834aaf0838c5e7c6e05de7aca37f95b8a3c8bbf','89744524809','m','1979-12-13','2013-05-01 19:25:17','24'),
('25','Asia','Hettinger','hyatt.lila@example.com','ddaf1de24ddb924b445ec5d419edc18b65034fa8','89511439952','m','1980-06-11','2011-05-29 00:59:15','25'),
('26','Everett','Sawayn','ewyman@example.net','1e14a743f1709ffb8c2686f507d20a00f5a8def7','89000188233','m','1981-09-02','2000-11-28 03:10:37','1'),
('27','Hobart','Jaskolski','marcos.lemke@example.com','5a0110b8dbd9569cf573d70d68307ad86cdf52b2','89651127801','f','2018-04-25','1998-07-06 14:48:30','2'),
('28','Colton','Jaskolski','gregorio64@example.net','2b4e9f50f8ba0ea9e3215c79dcd1fa7d57ba34ff','89836899357','m','1986-01-28','1993-12-09 15:00:08','3'),
('29','Hayley','Prohaska','qkoepp@example.org','e78d08c989ef7c22e704f4e99f97753feca1cf5d','89714543193','f','2005-10-16','2010-03-14 06:46:29','4'),
('30','Lea','Koelpin','walker.daniel@example.com','9618462dbb4ba41b5f97e11e61f33f8d866a0130','89629864315','m','1988-02-12','2004-01-09 06:58:30','5'),
('31','Damien','Marks','pfannerstill.percy@example.com','c062dace0e55d88849e094b00e213a9ac37913e1','89255449908','m','1987-11-08','2016-09-01 12:29:17','6'),
('32','Sid','Ryan','quitzon.delmer@example.com','9fab88bbec87df789ff34021699ca57b18274713','89359900771','f','1989-06-25','1975-09-19 01:57:10','7'),
('33','Delilah','Wilkinson','miguel.senger@example.com','b860f4ab8f6417b06430c1773674cd3bb6d9cc60','89033766597','f','1970-06-20','2014-10-20 08:45:46','8'),
('34','Liza','Emard','fankunding@example.com','8f77dfb9dcb44c5b2ccc3d5fa2c4812e2cd735a2','89855162293','f','1974-03-01','2011-05-13 02:46:00','9'),
('35','Kimberly','Boehm','rosalyn.considine@example.com','d439ce23e61b494c39c1ec9e9d22b4852658ec1b','89916386387','f','2011-05-28','1994-10-19 19:26:54','10'),
('36','Alexanne','Legros','zprice@example.net','99115e2c7098c1c08df99a0a037ccff7c2fc869d','89103739030','m','1976-09-02','2007-10-15 03:16:43','11'),
('37','Jessika','Waelchi','ransom03@example.com','c591a4f9021540d986ea37725975cf6219985f64','89078419104','m','1982-04-22','2004-04-23 03:25:17','12'),
('38','Veronica','Maggio','king.palma@example.org','35a90e418fd286ca871c44425f5efbac63a2328f','89448050986','m','1987-03-28','2000-04-09 01:21:11','13'),
('39','Travon','Ledner','isobel.shanahan@example.com','bc43ea28b70130678ba39e79eb0474188b1c832e','89017833455','f','2018-08-19','2015-10-18 21:05:12','14'),
('40','Jenifer','Jaskolski','xschuppe@example.net','24bdd90cc2faab233c3958719c8b56018a146614','89528176012','m','1979-12-25','1979-12-07 23:20:39','15'),
('41','Raymundo','Kuphal','earlene.klein@example.net','05cc772b5e9b65126159204acee121d9d41807bb','89708394714','m','2007-11-29','1976-03-21 02:34:52','16'),
('42','Bessie','Krajcik','hcorwin@example.com','bb737d8a184e7b3707a1fcef2b1e476c0be3a28e','89603931653','m','2012-02-24','1982-03-11 02:00:11','17'),
('43','Wendy','Keebler','lourdes87@example.net','56545337b632eda99e4201563370bd4cdcb26222','89097831015','f','1993-10-04','2000-03-22 08:59:59','18'),
('44','Erika','Roob','deckow.ferne@example.net','cbb5f30c54d6076f627f6ff6a8567803ffa454a8','89925355187','m','2020-01-15','2019-11-13 07:15:03','19'),
('45','Arvilla','Towne','amely.klein@example.org','2b74cd699ef3e0184eb6434309b1771918486440','89167181573','f','2002-08-03','1992-10-16 09:16:34','20'),
('46','Manuel','Jaskolski','kari.metz@example.org','0a61b698da8419936aeb94f05052db1354c4fb09','89283960697','f','1983-06-05','1978-10-15 22:30:24','21'),
('47','Claudie','Purdy','colleen.keebler@example.org','f2fd1a06e908cb8ea98781580f0904171a6dbf23','89070333721','m','1990-01-08','1973-02-11 21:57:33','22'),
('48','Perry','Fritsch','ismitham@example.net','a8dae6b73272b3e2952a7550d5d5af03117a6628','89275687504','m','1998-02-27','1975-12-20 08:50:36','23'),
('49','Boris','Heathcote','ignatius.donnelly@example.net','79f59c233d1ff43198638c19ff814ec90805977c','89318557833','m','1990-08-23','1979-02-01 19:12:18','24'),
('50','Marilou','Jast','deckow.kaci@example.com','318d7b3f37873b30fca03e03940c853b3784c51a','89238335874','f','1988-05-26','2000-10-08 03:41:04','25'),
('51','Octavia','Balistreri','kmarks@example.com','6afd886361c718aac2688ccd659ef2db511aa196','89847747234','m','1994-08-04','1988-01-08 16:44:49','1'),
('52','Waylon','Schultz','kertzmann.adam@example.com','3187a585d39d72797f913aec1277534d6c37adde','89011556215','f','2003-01-14','2005-12-24 07:14:17','2'),
('53','Darrel','Harber','clemens93@example.org','911bcd0fc9b0e3cc04532e5d77e0caefa6cdb842','89644444493','f','1988-07-08','1999-07-06 14:23:14','3'),
('54','Judah','Lubowitz','clegros@example.com','51e127f97c67b01b9faa1e789d921bf6b9a55365','89599762795','f','1987-07-09','2018-12-01 00:04:30','4'),
('55','Adrian','Leannon','danyka38@example.com','224f7bf2946b9da8d401ec0ce2ddc7c2e2969edb','89904065650','m','2003-09-30','2018-12-16 00:46:12','5'),
('56','Margarette','Rohan','ekeebler@example.net','f9c5d645d29783b7ed54b3eccb278146a5f256ba','89404646449','f','1988-06-21','1981-05-24 06:51:24','6'),
('57','Marianna','Lowe','haleigh40@example.org','95c615610725537b6e42e3bd838b029a8b26f197','89693522401','f','1972-08-15','1973-11-07 04:37:19','7'),
('58','Opal','Brekke','katelin.feest@example.org','f4e8f66f7f9199f94acc40ec138cfd579e6b85b6','89580702722','m','1994-04-03','1975-02-14 17:33:15','8'),
('59','Eliseo','Hoppe','omarks@example.org','4cf5d20ce125364ee3a355f9e90041332250593c','89025871797','m','1977-11-17','1994-11-01 23:01:22','9'),
('60','Imogene','Dare','hrunolfsdottir@example.org','14d212539ab12d808eb0fff7b3ad890ca0b0089e','89772731686','m','1970-07-13','2001-02-04 01:24:58','10'),
('61','Reagan','Jacobi','gerlach.una@example.net','6894dfd03947719d5583a57ad6523a5360ed0b94','89506322500','m','1971-08-05','1991-07-01 06:20:20','11'),
('62','Bell','Adams','kaylin59@example.net','4cb2298e02393e3fb4a47ea7f82cf61db68ffdba','89293914158','m','1988-02-01','2006-03-27 13:24:46','12'),
('63','Jana','Adams','arvilla.christiansen@example.net','ade8bb5db9ca28e831a6f363d737117d5e38f216','89910153207','m','1978-10-26','2006-08-06 08:13:40','13'),
('64','Leonor','Howe','paucek.andres@example.net','2bd0b5e175f18e9846578192f0a12117b74bfb46','89629767856','m','2011-06-08','2000-07-24 12:28:55','14'),
('65','Amparo','Blanda','kertzmann.donald@example.org','f463d46203f8c6bc6d31f4dd6328db10316be802','89959123695','f','2014-11-12','2009-07-04 18:15:32','15'),
('66','Clark','Ryan','ellie82@example.net','91e8aa9e19e7fbdf8728cdce36c5bfd0b822a016','89125030126','f','2016-05-31','1990-10-09 07:30:12','16'),
('67','Maryse','Lockman','d\'amore.josie@example.org','5455c6b9a152805e11c84cfbb495d839dd27b608','89040836180','m','1988-10-16','1987-03-12 09:53:26','17'),
('68','Lane','Weber','lorena.greenholt@example.net','a5d3aef96aabc0727e4eda69f5fdbdf6cfc740e0','89217396509','f','2003-11-12','1977-07-02 05:42:34','18'),
('69','Gudrun','Kilback','dessie20@example.com','193313cf9f3f17543b07eff639e85b69c39173a3','89467026400','m','2001-10-17','2009-10-30 20:27:46','19'),
('70','Barbara','Boyer','kattie.huels@example.com','09aed10804b56215ebe12e1f7bc1df2e9fca2122','89010173146','m','1986-11-16','2008-02-19 11:32:11','20'),
('71','Zoe','Grady','heaney.woodrow@example.com','a1a171696c6b8aa66e73dfd6631b0de4bf8ed626','89905409732','m','2009-03-05','1975-09-20 10:05:46','21'),
('72','Eusebio','Koss','danika.weimann@example.org','6e2814bf23a6cb86b3a49f9480fa68072d69c556','89321145196','m','1987-05-17','2018-03-01 20:49:33','22'),
('73','Glen','Metz','bulah.schamberger@example.org','dd0d4014098cb54f7dd860053f30be624cd27c1a','89613894769','m','1984-08-16','1995-12-09 08:40:48','23'),
('74','Raleigh','Wehner','spinka.dustin@example.com','dec5c12233b606198240123bc6461ecba50598b2','89089012054','f','1984-04-12','1979-01-20 17:01:11','24'),
('75','Jena','Sanford','buck18@example.net','4dfcba45ebb612cd16005f73311d2a8925cea49b','89772609478','f','1973-03-08','2011-04-09 22:42:37','25'),
('76','Florine','Romaguera','owalker@example.com','6bd245a5a7958423c5e3b377eda345e2bdbfb93f','89597040493','m','2016-09-22','2000-06-29 07:42:27','1'),
('77','Chance','Dibbert','harvey23@example.net','d9f5e405848d53cdd361f29a069d6a8f68342864','89913683500','f','1983-03-06','2009-05-05 07:39:17','2'),
('78','Linnie','Wehner','leannon.lambert@example.org','79e1a75195c4c862193d68ef7c086ce6a281b6de','89411866561','f','2020-03-10','1985-08-19 17:50:58','3'),
('79','Stanton','McDermott','dayana91@example.org','b021f32dbc411fe19882cbca6a476b19f50e2ce9','89683824362','f','1984-02-04','1998-11-29 23:45:59','4'),
('80','Kamren','Nader','gwatsica@example.net','6a278f5d3691dfc93e76e3e3db6ba73c419c7ede','89935837027','m','1983-03-14','2017-02-15 07:01:46','5'),
('81','Florencio','Ortiz','drosenbaum@example.org','9cc08e8e95c58c4f856ac5c202ca1a58bfefee38','89226750288','m','1988-10-26','1976-08-23 13:50:23','6'),
('82','Allie','McCullough','amaya.sporer@example.com','056879778f22fe466aa748a522ab23568d755068','89111210503','f','2008-12-26','2017-09-08 23:42:42','7'),
('83','Cecelia','Boyer','kris.clarissa@example.org','f622f47cd7f902fe75697d59c32197a53922f0ae','89506881135','m','1986-03-04','2006-11-27 08:09:48','8'),
('84','Amaya','White','kuhlman.brook@example.com','b55a08087e2fffe7a25cb7feb505fed8a8696098','89004355411','m','1987-04-03','2010-10-07 15:44:10','9'),
('85','Brody','O\'Kon','gisselle.mccullough@example.net','91f33d9bf301c41f6bec5202375cf04ad3f7c074','89485949030','m','2017-06-25','1996-12-07 03:14:50','10'),
('86','Trace','O\'Connell','jevon.glover@example.com','959fa9d94976a742be99a13bb1022db6992aaf5a','89412874692','m','1978-09-29','1983-06-09 13:44:34','11'),
('87','Alexandrea','Torp','lolita.marquardt@example.net','d98f56eea9dd49099ef9bf3d5b76e3ddd1fd64cc','89817891256','f','1988-05-31','2007-02-16 00:33:53','12'),
('88','Alena','Rutherford','strosin.rodrick@example.org','5354ce5f910a443ac4d827ad70a4bd406ced2094','89286302826','f','2015-08-16','2002-07-09 18:08:58','13'),
('89','Bart','Haag','akirlin@example.org','e7c7952770cbb87fd9fdd9ab796452f5899348f0','89344305636','m','2002-03-27','1986-03-18 23:28:33','14'),
('90','Tristian','Kirlin','diego73@example.com','6eb1e9be0f5a0e5d95ced9a381e7afa6440d3db9','89154615966','m','1974-09-18','1973-04-23 02:55:26','15'),
('91','Kaci','Fahey','nelle57@example.com','af0b8c97bf67fe58536a704b9787319dd24cf968','89371162325','m','1971-04-05','1971-10-15 19:13:35','16'),
('92','Esmeralda','Tromp','wilhelmine48@example.org','2c63a0b2a33aa36b6a9a6f446284eb7e81285f88','89422384484','f','1985-12-10','1973-04-13 01:31:58','17'),
('93','Oran','Yost','feichmann@example.net','1be796328127c3f8e2829e9766e9788537aa1ef9','89897069415','f','1993-09-10','2016-01-20 12:30:22','18'),
('94','Dusty','Schuster','uwitting@example.org','d4b0d2ff91412d2d2782f7f7f31e90866c945b35','89539973314','m','1980-06-11','1975-10-03 22:52:50','19'),
('95','Brad','Reynolds','adelbert.bergstrom@example.org','96bd1b7943a248843757d08be2efbc0ba16d0b0b','89737839317','f','2000-12-16','1994-12-25 07:00:25','20'),
('96','Carolanne','Marks','windler.dedric@example.org','a9c782af4720d11c659715e8d7ca70fe4675cd4a','89665358631','m','1990-12-27','2007-04-28 00:51:22','21'),
('97','Luisa','Johnston','lehner.daisha@example.org','4f01483a408279284becb4fee10bd882994a0711','89577104672','m','1985-07-30','1977-11-28 21:01:10','22'),
('98','Precious','Koss','lela55@example.com','b010afe85af0b123383818d4a19c380bf550b062','89369644031','m','1980-01-13','1971-09-04 06:16:35','23'),
('99','Jerald','Hyatt','jakubowski.quentin@example.org','905ca9a341a71a6667342d6e6e7704c1468d819d','89634732177','f','1988-03-14','1983-04-26 22:09:51','24'),
('100','Kasandra','Heathcote','alvina81@example.com','4705d7ef69aa87848930a96fc159756ad54c99e0','89139375150','f','2001-08-11','2011-07-20 07:39:06','25'); 


INSERT INTO rating_of_films_user(user_id, film_id, rating, created_at) VALUES
('1','1','3','2013-10-03 19:14:57'),
('1','2','3','2013-10-03 19:14:57'),
('1','3','5','2013-10-03 19:14:57'),
('2','2','5','1995-09-28 13:30:34'),
('3','3','5','2001-04-06 20:06:17'),
('4','4','5','1988-02-23 23:52:08'),
('5','5','2','1993-04-11 22:14:40'),
('6','6','1','2011-08-06 07:45:58'),
('7','7','3','1971-09-04 22:42:59'),
('8','8','3','2002-10-12 03:41:53'),
('8','1','3','2002-10-12 03:41:53'),
('8','2','3','2002-10-12 03:41:53'),
('8','3','3','2002-10-12 03:41:53'),
('9','9','3','2003-04-06 11:35:06'),
('10','10','3','1992-09-07 05:28:13'),
('11','11','5','2009-08-15 10:55:36'),
('12','12','5','1975-03-02 17:13:23'),
('13','13','2','2013-04-28 16:53:04'),
('14','14','3','1970-09-27 14:10:29'),
('15','15','3','1970-09-13 15:38:41'),
('16','16','5','1975-11-02 18:00:11'),
('17','17','5','2020-04-21 17:12:37'),
('18','18','1','1988-07-03 14:27:00'),
('19','19','4','1980-12-14 17:04:27'),
('20','20','1','1989-10-26 22:42:37'),
('21','21','1','2020-07-07 22:58:20'),
('22','22','5','1971-08-06 05:23:37'),
('23','23','4','1970-11-09 19:23:07'),
('24','24','4','1991-01-23 06:37:47'),
('25','25','2','2011-05-05 07:01:00'),
('26','26','5','1994-01-15 04:32:36'),
('27','27','4','1976-04-01 07:22:05'),
('28','28','2','1999-07-14 12:10:38'),
('29','29','4','1972-11-25 03:57:41'),
('30','30','5','1985-11-17 23:19:02'),
('31','31','2','1996-01-13 14:12:09'),
('32','32','2','1992-05-10 18:52:17'),
('33','33','2','1992-01-21 04:33:11'),
('34','5','1','2014-11-23 13:06:09'),
('34','6','1','2014-11-23 13:06:09'),
('34','7','1','2014-11-23 13:06:09'),
('34','8','1','2014-11-23 13:06:09'),
('34','9','1','2014-11-23 13:06:09'),
('34','10','1','2014-11-23 13:06:09'),
('34','34','1','2014-11-23 13:06:09'),
('35','35','1','1993-09-29 16:11:01'),
('36','36','5','2013-05-16 21:24:42'),
('37','37','5','2003-11-17 04:12:50'),
('38','38','1','2011-12-27 23:16:44'),
('39','39','2','1978-06-20 11:25:58'),
('40','40','3','2009-08-05 09:48:38'),
('41','41','2','1979-04-24 07:28:12'),
('42','42','4','1986-12-03 13:46:36'),
('43','43','5','1996-01-20 23:38:20'),
('44','44','5','2000-10-08 08:54:07'),
('45','45','1','1986-05-11 05:28:55'),
('46','46','1','1972-08-20 03:09:22'),
('47','47','2','1988-11-08 12:48:48'),
('48','48','5','2018-09-20 21:46:52'),
('49','49','2','2014-01-10 10:52:38'),
('50','50','5','2016-03-29 16:45:19'),
('51','51','4','1991-06-24 08:58:25'),
('52','52','5','1996-05-27 03:34:46'),
('53','53','1','1974-07-31 21:25:09'),
('54','54','2','1976-02-02 17:12:27'),
('55','55','3','1975-03-07 03:57:51'),
('56','56','1','2014-03-22 17:14:25'),
('56','1','1','2014-03-22 17:14:25'),
('56','2','1','2014-03-22 17:14:25'),
('56','3','1','2014-03-22 17:14:25'),
('56','4','1','2014-03-22 17:14:25'),
('56','5','1','2014-03-22 17:14:25'),
('57','57','2','2005-12-30 04:08:13'),
('58','58','1','1994-11-14 15:42:50'),
('59','59','2','1999-07-03 11:57:12'),
('60','60','2','1989-11-03 04:37:17'),
('61','61','5','1983-10-20 13:06:20'),
('62','62','2','1979-02-20 02:22:31'),
('63','63','3','2009-05-31 09:26:13'),
('64','64','4','1994-01-09 07:25:38'),
('65','65','3','1986-06-08 14:32:50'),
('66','66','1','1981-02-01 09:17:44'),
('67','67','2','2005-09-04 22:40:39'),
('68','68','4','2008-11-20 12:15:18'),
('69','69','4','2007-08-14 07:25:41'),
('70','70','2','2016-05-24 10:59:03'),
('71','71','4','1996-09-30 20:32:06'),
('71','6','4','1996-09-30 20:32:06'),
('71','7','4','1996-09-30 20:32:06'),
('71','8','4','1996-09-30 20:32:06'),
('71','9','4','1996-09-30 20:32:06'),
('71','10','4','1996-09-30 20:32:06'),
('72','72','5','1988-12-04 23:04:00'),
('73','73','2','1984-02-26 03:51:08'),
('74','74','2','2005-07-04 15:59:40'),
('75','75','5','2017-08-18 22:22:26'),
('76','76','1','1994-01-24 21:40:15'),
('77','77','4','1972-11-29 09:06:24'),
('78','78','3','1994-05-10 19:17:40'),
('79','79','1','1979-04-23 11:54:25'),
('80','80','1','2017-05-12 12:27:27'),
('81','81','5','1995-11-01 23:53:14'),
('82','82','1','1987-07-21 06:49:30'),
('83','83','1','2015-02-05 00:00:34'),
('84','84','3','2006-10-13 00:34:33'),
('85','85','5','1996-01-02 10:18:29'),
('86','86','5','1974-03-23 13:46:05'),
('87','87','5','2012-11-04 09:48:56'),
('88','88','5','2010-09-20 01:07:56'),
('89','89','5','1981-12-22 10:10:24'),
('90','90','2','1994-10-28 09:23:52'),
('91','91','2','1987-11-15 02:35:14'),
('92','92','5','1991-04-18 23:20:23'),
('92','6','5','1991-04-18 23:20:23'),
('92','7','5','1991-04-18 23:20:23'),
('92','8','5','1991-04-18 23:20:23'),
('92','9','5','1991-04-18 23:20:23'),
('92','10','5','1991-04-18 23:20:23'),
('93','93','2','1992-05-16 18:59:20'),
('94','94','5','2013-07-24 15:26:56'),
('95','95','5','1973-07-22 08:07:25'),
('96','96','5','2017-10-17 11:48:37'),
('97','97','3','2017-01-01 22:23:38'),
('98','98','4','2018-10-27 01:58:16'),
('99','99','5','2017-12-26 19:04:42'),
('100','100','4','2012-08-28 20:27:20'); 


INSERT INTO selected_user_films(user_id, film_id, created_at) VALUES 
('1','1','1970-11-08 05:51:34'),
('2','2','1973-07-09 10:42:53'),
('3','3','1976-04-02 08:18:13'),
('4','4','1974-02-09 08:27:28'),
('5','5','1985-12-01 02:19:40'),
('6','6','1974-05-12 05:45:57'),
('7','7','2011-10-25 23:06:01'),
('8','8','1974-11-15 02:13:53'),
('9','9','1973-03-06 09:58:36'),
('10','10','1991-05-08 11:25:42'),
('11','11','2019-01-22 01:07:10'),
('12','12','2002-05-23 01:55:01'),
('13','13','1990-06-11 10:00:22'),
('14','14','1987-10-19 16:29:55'),
('15','15','1986-03-02 04:31:08'),
('16','16','1981-07-30 15:02:58'),
('17','17','2005-10-05 20:45:43'),
('18','18','2017-01-31 21:43:10'),
('19','19','2015-12-29 21:57:21'),
('20','20','2002-12-27 07:37:07'),
('21','21','1984-07-02 21:54:31'),
('22','22','1995-09-25 11:51:31'),
('23','23','1992-06-07 05:58:17'),
('24','24','2018-05-07 09:56:37'),
('25','25','1975-04-09 00:07:07'),
('26','26','1993-03-31 11:40:38'),
('27','27','1975-05-02 22:52:57'),
('28','28','1973-09-08 20:12:43'),
('29','29','1999-03-31 07:41:45'),
('30','30','2003-02-10 15:53:54'),
('31','31','2012-05-04 15:05:22'),
('32','32','1982-04-28 18:00:36'),
('33','33','2006-12-26 07:23:41'),
('34','34','1970-05-08 19:01:24'),
('35','35','1977-10-19 19:51:04'),
('36','36','2004-02-16 17:57:39'),
('37','37','1988-03-05 18:05:32'),
('38','38','2004-11-24 22:39:46'),
('39','39','1983-01-16 01:05:59'),
('40','40','1993-01-15 18:42:05'),
('41','41','2017-04-02 01:37:22'),
('42','42','2014-04-19 04:59:15'),
('43','43','1972-01-26 07:10:54'),
('44','44','1974-08-23 03:19:53'),
('45','45','2001-08-17 04:11:26'),
('46','46','2012-03-07 18:09:15'),
('47','47','1984-11-17 03:55:15'),
('48','48','1996-05-28 16:42:22'),
('49','49','1995-05-07 14:31:07'),
('50','50','1994-10-05 08:16:29'),
('51','51','2019-02-10 21:24:39'),
('52','52','2010-08-16 17:21:16'),
('53','53','2008-02-14 11:15:58'),
('54','54','1998-08-01 23:46:49'),
('55','55','2016-01-06 05:37:33'),
('56','56','1977-11-13 19:38:06'),
('57','57','2003-10-05 17:21:34'),
('58','58','2005-08-18 17:53:05'),
('59','59','2011-08-10 19:43:21'),
('60','60','1978-11-25 13:54:28'),
('61','61','1977-05-28 08:58:35'),
('62','62','1990-05-06 02:39:16'),
('63','63','2017-06-24 13:36:34'),
('64','64','1996-04-16 09:06:28'),
('65','65','2019-07-17 08:46:57'),
('66','66','2001-11-28 00:00:01'),
('67','67','1977-08-14 01:57:00'),
('68','68','1973-01-28 07:59:52'),
('69','69','2016-07-09 05:55:36'),
('70','70','1997-05-05 23:38:43'),
('71','71','2011-10-25 13:00:05'),
('72','72','1988-07-20 04:35:34'),
('73','73','2002-07-02 03:48:08'),
('74','74','1980-05-04 16:09:03'),
('75','75','1980-10-17 16:55:06'),
('76','76','1996-03-22 23:44:34'),
('77','77','2010-05-03 10:23:05'),
('78','78','1983-05-04 16:15:57'),
('79','79','1974-01-30 16:21:41'),
('80','80','1977-06-27 21:17:26'),
('81','81','1988-12-29 14:37:03'),
('82','82','1977-12-05 21:14:00'),
('83','83','1985-02-03 00:50:45'),
('84','84','1990-03-25 21:55:34'),
('85','85','1990-05-30 07:17:15'),
('86','86','2017-03-01 21:34:11'),
('87','87','2006-05-10 01:17:21'),
('88','88','2012-04-06 07:04:15'),
('89','89','2008-09-10 22:45:24'),
('90','90','1970-07-27 01:49:09'),
('91','91','1989-04-05 11:27:24'),
('92','92','2009-03-02 21:15:41'),
('93','93','2008-02-27 09:09:43'),
('94','94','1984-01-12 14:39:52'),
('95','95','2004-09-24 01:28:05'),
('96','96','2006-04-12 08:33:37'),
('97','97','2013-08-12 22:09:39'),
('98','98','1988-05-09 15:58:39'),
('99','99','2012-08-02 16:33:21'),
('100','100','1981-07-09 13:20:55'); 



INSERT INTO cinema(id, name, address, hometown_id, created_at) VALUES 
('1','veritatis','5188 Nitzsche Passage Apt. 633\nKielburgh, DC 15292','1','1994-08-03 14:33:07'),
('2','dolor','33261 Constance Track Suite 028\nAndreaneshire, NV ','2','2004-03-13 06:55:57'),
('3','numquam','0081 Chadd Brook\nSylvialand, NY 68515','3','2018-06-01 00:55:22'),
('4','vero','86572 Rodriguez Bridge\nEast Rose, WV 66641-2795','4','2004-09-12 13:41:43'),
('5','iste','866 Dimitri Row\nTheodorebury, ND 26081-6965','5','2004-07-05 05:31:19'),
('6','natus','233 Mitchell Lakes\nLake Cyrus, MN 20900-0119','6','1972-07-28 18:02:24'),
('7','error','14602 Wunsch Gardens\nMooremouth, MD 23366-8817','7','1987-03-12 09:51:44'),
('8','esse','449 Elvie Parkways\nLenoreland, NY 80083','8','1993-10-19 08:57:27'),
('9','quae','98445 Hand Square Suite 651\nBellaburgh, DE 20643-6','9','2016-10-10 12:38:30'),
('10','culpa','849 Bernhard Flat Suite 865\nNorth Fred, CT 34263','10','1999-05-09 22:37:17'),
('11','odio','6573 Keebler Manors Suite 294\nDakotashire, MN 0727','11','1995-03-11 17:44:51'),
('12','libero','019 Mohammad Plain\nPort Annabell, HI 19739','12','1982-03-24 08:35:55'),
('13','in','45107 Lindsey Street Suite 954\nSouth Lavonmouth, I','13','1970-05-03 09:36:29'),
('14','eaque','42640 Franecki Brooks Apt. 939\nSchmittstad, MN 294','14','1976-01-24 22:40:06'),
('15','eum','884 Verda Views Apt. 697\nSouth Marion, NM 71006-67','15','1977-05-09 23:15:12'),
('16','vero','0782 Olson Mission\nBrennanmouth, NJ 91601','16','2015-03-31 22:05:09'),
('17','alias','03940 Helga Vista Apt. 737\nSouth Felicitabury, IL ','17','1981-08-01 15:19:53'),
('18','iste','313 Hirthe Spurs Suite 114\nKubmouth, MS 35311','18','1981-04-01 21:01:47'),
('19','autem','630 Lindgren Road Suite 322\nNew Jerelburgh, IL 158','19','2005-10-27 22:11:47'),
('20','beatae','99755 Dooley Dam Apt. 324\nSouth Guillermoview, GA ','20','1998-07-08 08:34:33'),
('21','corporis','47114 Schmidt Trail Apt. 668\nAlbertashire, DE 4692','21','1985-04-29 14:28:09'),
('22','ea','8361 Megane Village Suite 085\nNew Amirashire, NH 7','22','2017-08-22 08:23:43'),
('23','dignissimos','878 Mathilde Locks\nShanaside, OH 81098-2731','23','2008-02-09 07:23:25'),
('24','a','9471 Camilla Camp Apt. 457\nKittyfurt, CA 58165-752','24','1995-05-01 21:24:52'),
('25','qui','73535 Delfina Extensions Suite 603\nNew Ashleighfur','25','1988-03-17 02:20:20');


INSERT INTO cinema_hall(name, number_of_seats, cinema_id) VALUES
('1', 50, 1),
('2', 75, 1),
('1', 50, 2),
('2', 75, 2),
('1', 50, 3),
('2', 75, 3),
('1', 50, 4),
('2', 75, 4),
('1', 50, 5),
('2', 75, 5),
('1', 50, 6),
('2', 75, 6),
('1', 50, 7),
('2', 75, 7),
('1', 50, 8),
('2', 75, 8),
('1', 50, 9),
('2', 75, 9),
('1', 50, 10),
('2', 75, 10),
('1', 50, 11),
('2', 75, 11),
('1', 50, 12),
('2', 75, 12),
('1', 50, 13),
('2', 75, 13),
('1', 50, 14),
('2', 75, 14),
('1', 50, 15),
('2', 75, 15),
('1', 50, 16),
('2', 75, 16),
('1', 50, 17),
('2', 75, 17),
('1', 50, 18),
('2', 75, 18),
('1', 50, 19),
('2', 75, 19),
('1', 50, 20),
('2', 75, 20),
('1', 50, 21),
('2', 75, 21),
('1', 50, 22),
('2', 75, 22),
('1', 50, 23),
('2', 75, 23),
('1', 50, 24),
('2', 75, 24),
('1', 50, 25),
('2', 75, 25);


INSERT INTO session_at_cinema(film_start_date, ticket_price, free_number_of_seats, cinema_hall_id, film_id) VALUES
('2020-09-17 09:20:00', 100.00, 50, 1, 1),
('2020-09-17 09:20:00', 120.00, 75, 2, 1),
('2020-09-17 09:20:00', 110.00, 50, 1, 3),
('2020-09-17 09:20:00', 110.00, 75, 2, 4),
('2020-09-17 11:20:00', 150.00, 50, 1, 1),
('2020-09-17 11:20:00', 150.00, 75, 2, 1),
('2020-09-17 11:20:00', 170.00, 50, 1, 3),
('2020-09-17 11:20:00', 170.00, 75, 2, 4),

('2020-09-17 13:20:00', 150.00, 50, 1, 1),
('2020-09-17 13:20:00', 150.00, 75, 2, 1),
('2020-09-17 13:20:00', 170.00, 50, 1, 3),
('2020-09-17 13:20:00', 170.00, 75, 2, 4),

('2020-09-17 15:20:00', 150.00, 50, 1, 1),
('2020-09-17 15:20:00', 150.00, 75, 2, 1),
('2020-09-17 15:20:00', 170.00, 50, 1, 3),
('2020-09-17 15:20:00', 170.00, 75, 2, 4),

('2020-09-17 18:00:00', 170.00, 50, 1, 1),
('2020-09-17 18:00:00', 170.00, 75, 2, 1),
('2020-09-17 18:00:00', 190.00, 50, 1, 3),
('2020-09-17 18:00:00', 190.00, 75, 2, 4),

('2020-09-17 20:00:00', 200.00, 50, 1, 1),
('2020-09-17 20:00:00', 200.00, 75, 2, 1),
('2020-09-17 20:00:00', 250.00, 50, 1, 3),
('2020-09-17 20:00:00', 250.00, 75, 2, 4),

('2020-09-17 22:00:00', 200.00, 50, 1, 1),
('2020-09-17 22:00:00', 200.00, 75, 2, 1),
('2020-09-17 22:00:00', 200.00, 50, 1, 3),
('2020-09-17 22:00:00', 200.00, 75, 2, 4);




-- Представления

CREATE OR REPLACE VIEW film_info_genres
AS
 	SELECT f.id, f.title, group_concat(DISTINCT g.name ORDER BY g.name ASC SEPARATOR ', ' ) as film_genres
 	FROM film_genres fg
 	JOIN genres g ON g.id = fg.genre_id
 	JOIN films f ON f.id = fg.film_id
 	GROUP BY f.rating, f.title;
 
CREATE OR REPLACE VIEW film_info_category
AS
 	SELECT f.id, f.title, c.name
 	FROM film_category fc
 	JOIN category c ON c.id = fc.category_id
 	JOIN films f ON f.id = fc.film_id;
 


 CREATE OR REPLACE VIEW film_info
 AS 
 	SELECT f.id, f.title, f.description, f.release_year, l.name as `language`, f.length, f.rating, fic.name AS category,  fig.film_genres 
 	FROM 
 		films f
	JOIN `language` l ON l.id = f.original_language_id
 	JOIN film_info_category fic ON f.id = fic.id
	JOIN film_info_genres fig ON f.id = fig.id
	GROUP BY f.rating, f.title;
	
/*
SELECT f.title, CONCAT_WS(' ', p.firstname, p.lastname) as person_name, fp.actor, fp.director_film, fp.producer, fp.cameraman 
FROM films_persons fp
JOIN films f ON fp.film_id = f.id 
JOIN persons p ON fp.person_id = p.id
WHERE fp.actor = 1
ORDER BY fp.film_id;
*/

CREATE OR REPLACE VIEW film_actors
AS
	SELECT DISTINCT CONCAT_WS(' ', p.firstname, p.lastname) as person_name, f.id
	FROM films_persons fp
	JOIN films f ON fp.film_id = f.id
	JOIN persons p ON fp.person_id = p.id
	WHERE fp.actor = 1 AND f.id = 1;


CREATE OR REPLACE VIEW film_producer
AS
	SELECT DISTINCT CONCAT_WS(' ', p.firstname, p.lastname) as person_name, f.id
	FROM films_persons fp
	JOIN films f ON fp.film_id = f.id
	JOIN persons p ON fp.person_id = p.id
	WHERE fp.producer = 1 AND f.id = 1;


CREATE OR REPLACE VIEW film_director
AS
	SELECT DISTINCT CONCAT_WS(' ', p.firstname, p.lastname) as person_name, f.id
	FROM films_persons fp
	JOIN films f ON fp.film_id = f.id
	JOIN persons p ON fp.person_id = p.id
	WHERE fp.director_film = 1 AND f.id = 1;



/*
 * 
 * 
 * -- триггер для проверки показа фильма в будущем перед вставкой
DELIMITER //

DROP TRIGGER IF EXISTS check_film_start_date_before_insert;
CREATE TRIGGER check_film_start_date_before_insert
BEFORE INSERT 
ON session_at_cinema FOR EACH ROW
begin
    IF NEW.film_start_date <= CURRENT_DATE() THEN
        SIGNAL SQLSTATE '45000' SET MESSAGE_TEXT = 'Вставка отменена. Дата показа фильма должна быть в будущем';
    END IF;
END//

DELIMITER ;

INSERT INTO session_at_cinema(film_start_date, ticket_price, free_number_of_seats, cinema_hall_id, film_id) VALUES
('2019-09-17 09:20:00', 100.00, 50, 1, 1)


 */